{
    "8": {
        "with_adetr": [
            [
                1,
                3.893691694042652
            ],
            [
                2,
                6.884069561741307
            ],
            [
                4,
                12.138059225599994
            ],
            [
                8,
                21.14165700458665
            ],
            [
                12,
                33.75515306701074
            ],
            [
                25,
                55.25700848246161
            ]
        ],
        "without_adetr": [
            [
                1,
                4.702180136003008
            ],
            [
                2,
                8.25746683663794
            ],
            [
                4,
                14.573560420162117
            ],
            [
                8,
                25.407914821120027
            ],
            [
                12,
                40.58838884679554
            ],
            [
                25,
                66.46741352132193
            ]
        ],
        "speedup": [
            [
                1,
                1.2076405903418967
            ],
            [
                2,
                1.1995036892900361
            ],
            [
                4,
                1.2006499679475517
            ],
            [
                8,
                1.201793918783557
            ],
            [
                12,
                1.2024353367978946
            ],
            [
                25,
                1.202877523534747
            ]
        ]
    },
    "16": {
        "with_adetr": [
            [
                1,
                2.8968417976744982
            ],
            [
                2,
                5.116001110645626
            ],
            [
                4,
                9.505568916894122
            ],
            [
                8,
                16.685376253333374
            ],
            [
                12,
                26.118982332387105
            ],
            [
                25,
                43.70663172512829
            ]
        ],
        "without_adetr": [
            [
                1,
                3.5202582224557064
            ],
            [
                2,
                6.1918404725524585
            ],
            [
                4,
                11.421236984135932
            ],
            [
                8,
                20.04596722222228
            ],
            [
                12,
                31.39935693081006
            ],
            [
                25,
                52.56704400547013
            ]
        ],
        "speedup": [
            [
                1,
                1.2152055473936025
            ],
            [
                2,
                1.210289118129426
            ],
            [
                4,
                1.2015311323278208
            ],
            [
                8,
                1.2014093609796503
            ],
            [
                12,
                1.2021661690806145
            ],
            [
                25,
                1.2027246651278258
            ]
        ]
    },
    "32": {
        "with_adetr": [
            [
                1,
                2.0642189481481417
            ],
            [
                2,
                3.660676548677184
            ],
            [
                4,
                6.82675584062748
            ],
            [
                8,
                11.749532964159997
            ],
            [
                12,
                18.61884869161294
            ],
            [
                25,
                30.274627174017052
            ]
        ],
        "without_adetr": [
            [
                1,
                2.500284867040812
            ],
            [
                2,
                4.4164404138577265
            ],
            [
                4,
                8.238058210823532
            ],
            [
                8,
                14.135179299982244
            ],
            [
                12,
                22.38725210666671
            ],
            [
                25,
                36.40789719566958
            ]
        ],
        "speedup": [
            [
                1,
                1.2112498382421475
            ],
            [
                2,
                1.2064546963193576
            ],
            [
                4,
                1.2067310451909075
            ],
            [
                8,
                1.2030418011591837
            ],
            [
                12,
                1.2023972307563404
            ],
            [
                25,
                1.2025877969165002
            ]
        ]
    },
    "64": {
        "with_adetr": [
            [
                1,
                1.5763085229719307
            ],
            [
                2,
                2.8166041098969465
            ],
            [
                4,
                5.191422748549001
            ],
            [
                8,
                8.738123937919985
            ],
            [
                12,
                13.994475892989238
            ],
            [
                25,
                22.616140717948646
            ]
        ],
        "without_adetr": [
            [
                1,
                1.9150800016999843
            ],
            [
                2,
                3.4155978195920436
            ],
            [
                4,
                6.277936982797432
            ],
            [
                8,
                10.534262411342239
            ],
            [
                12,
                16.833739751914003
            ],
            [
                25,
                27.229723065527033
            ]
        ],
        "speedup": [
            [
                1,
                1.2149144496721636
            ],
            [
                2,
                1.212665211838029
            ],
            [
                4,
                1.2092902633583658
            ],
            [
                8,
                1.205551956710951
            ],
            [
                12,
                1.2028846153750667
            ],
            [
                25,
                1.2039951203485815
            ]
        ]
    }
}