{
    "network_gb": 28.335353856,
    "avg_compute_ms": 4.59780132150911,
    "avg_comm_ms": 11.591015520320598,
    "avg_step_ms": 442.95878467495595,
    "avg_hidden_ms": 0.0,
    "hiding_ratio": 0.0,
    "throughput_tps": 2.257546378121391
}