{
    "k_50": {
        "mean_columns": 169.53476286696394,
        "std_columns": 24.230493677865283,
        "fraction_pct": 12.040821226346871
    },
    "k_70": {
        "mean_columns": 344.5199449554069,
        "std_columns": 37.32699201980641,
        "fraction_pct": 24.468746090582876
    },
    "k_80": {
        "mean_columns": 484.38831405611296,
        "std_columns": 38.205003046229265,
        "fraction_pct": 34.402579123303475
    },
    "k_90": {
        "mean_columns": 698.8507699275362,
        "std_columns": 31.67748924280023,
        "fraction_pct": 49.63428763689888
    },
    "k_95": {
        "mean_columns": 872.6184387774061,
        "std_columns": 24.23146131618956,
        "fraction_pct": 61.975741390440774
    },
    "k_99": {
        "mean_columns": 1138.7849718970642,
        "std_columns": 13.00995545937973,
        "fraction_pct": 80.87961448132558
    }
}