{
    "full": {
        "hit_rate": 0.3528636060627917,
        "avg_stall_ms": 25.59341508532426,
        "total_transferred_gb": 128.266850304
    },
    "no_prefetcher": {
        "hit_rate": 0.3566644097421845,
        "avg_stall_ms": 25.43784927645047,
        "total_transferred_gb": 123.960213504
    },
    "no_column_level": {
        "hit_rate": 0.9024408699788127,
        "avg_stall_ms": 33.24231348122857,
        "total_transferred_gb": 169.623945216
    }
}