{
    "model_name": "qwen3_30b",
    "t_standard_us": 35.798622131347656,
    "t_sa_us": 76.78096008300781,
    "overhead_pct": 114.48021044299716
}