{
    "model_name": "qwen3_30b",
    "t_standard_us": 37.976959228515625,
    "t_sa_us": 80.44697570800781,
    "overhead_pct": 111.8310084384083
}