{
    "k_50": {
        "mean_columns": 115.50365895964596,
        "std_columns": 22.30062063892934,
        "fraction_pct": 15.039538927037235
    },
    "k_70": {
        "mean_columns": 222.11196744674467,
        "std_columns": 28.671729670361174,
        "fraction_pct": 28.920829094628214
    },
    "k_80": {
        "mean_columns": 300.3637348109811,
        "std_columns": 30.167617235506828,
        "fraction_pct": 39.10986130351316
    },
    "k_90": {
        "mean_columns": 414.3159972247225,
        "std_columns": 29.958339479806472,
        "fraction_pct": 53.947395471969074
    },
    "k_95": {
        "mean_columns": 503.51811431143113,
        "std_columns": 28.48763958768718,
        "fraction_pct": 65.56225446763426
    },
    "k_99": {
        "mean_columns": 636.5144576957696,
        "std_columns": 24.01770807187976,
        "fraction_pct": 82.87948667913666
    }
}