{
    "model_name": "deepseek_v2_lite",
    "t_standard_us": 35.826271057128906,
    "t_sa_us": 77.06243133544922,
    "overhead_pct": 115.10034134606069
}