{
    "model_name": "mixtral_8x7b",
    "t_standard_us": 61.167457580566406,
    "t_sa_us": 90.66831970214844,
    "overhead_pct": 48.22966866446119
}