{
    "gpu": "NVIDIA H100 NVL",
    "model": "Qwen3-30B-A3B",
    "tokens": 10,
    "kernel_benchmarks": {
        "dense_ffn_us": 31.495264053344727,
        "sa_ffn_us": 70.59101104736328,
        "overhead_ratio": 2.2413214548003344
    },
    "mha_overlap_window": {
        "avg_us": 69.5874132712682,
        "std_us": 2.324386763311216
    },
    "dma_benchmarks": {
        "8": {
            "avg_us": 17.233919966965914,
            "std_us": 1.2247878060393804,
            "bw_gbps": 1.9013666108935117,
            "payload_bytes": 32768
        },
        "16": {
            "avg_us": 17.528959959745407,
            "std_us": 0.9719004293541267,
            "bw_gbps": 3.738727234844563,
            "payload_bytes": 65536
        },
        "32": {
            "avg_us": 19.34176003560424,
            "std_us": 0.517930675863893,
            "bw_gbps": 6.776632517347085,
            "payload_bytes": 131072
        },
        "64": {
            "avg_us": 23.6284801363945,
            "std_us": 0.4785235420913338,
            "bw_gbps": 11.094408040076372,
            "payload_bytes": 262144
        },
        "128": {
            "avg_us": 32.06751998513937,
            "std_us": 0.6336143411033089,
            "bw_gbps": 16.349502557196935,
            "payload_bytes": 524288
        },
        "256": {
            "avg_us": 48.39455984532833,
            "std_us": 1.475481538297998,
            "bw_gbps": 21.667228782559576,
            "payload_bytes": 1048576
        }
    },
    "trace_replay": {
        "avg_compute_ms": 4.62727679759264,
        "avg_dma_ms": 1.872630399093032,
        "avg_stall_ms": 9.725875655810086e-05,
        "total_data_gb": 1.2225151062011719,
        "hit_rate_pct": 27.600813283632668,
        "throughput_tps": 216.10528732335888
    },
    "power": {
        "avg": 98.59,
        "min": 98.59,
        "max": 98.59,
        "samples": 1
    },
    "energy_joules_per_token": 0.4562128082154674,
    "per_token": [
        {
            "token": 1,
            "compute_us": 4764.064006507397,
            "dma_us": 1919.8080226778984,
            "stall_us": 0.9725875655810086,
            "dma_bytes": 126042112,
            "hits": 11913,
            "misses": 30772
        },
        {
            "token": 2,
            "compute_us": 4598.655983805656,
            "dma_us": 1865.3760086745024,
            "stall_us": 0.0,
            "dma_bytes": 126894080,
            "hits": 12117,
            "misses": 30980
        },
        {
            "token": 3,
            "compute_us": 4757.151998579502,
            "dma_us": 1885.599996894598,
            "stall_us": 0.0,
            "dma_bytes": 134586368,
            "hits": 12268,
            "misses": 32858
        },
        {
            "token": 4,
            "compute_us": 4681.023977696896,
            "dma_us": 1879.8080012202263,
            "stall_us": 0.0,
            "dma_bytes": 134029312,
            "hits": 12288,
            "misses": 32722
        },
        {
            "token": 5,
            "compute_us": 4559.904001653194,
            "dma_us": 1859.4559878110886,
            "stall_us": 0.0,
            "dma_bytes": 131653632,
            "hits": 12234,
            "misses": 32142
        },
        {
            "token": 6,
            "compute_us": 4596.032001078129,
            "dma_us": 1872.255988419056,
            "stall_us": 0.0,
            "dma_bytes": 133328896,
            "hits": 12283,
            "misses": 32551
        },
        {
            "token": 7,
            "compute_us": 4574.207998812199,
            "dma_us": 1863.1680086255074,
            "stall_us": 0.0,
            "dma_bytes": 135176192,
            "hits": 12288,
            "misses": 33002
        },
        {
            "token": 8,
            "compute_us": 4565.6639859080315,
            "dma_us": 1849.8559948056936,
            "stall_us": 0.0,
            "dma_bytes": 130682880,
            "hits": 12237,
            "misses": 31905
        },
        {
            "token": 9,
            "compute_us": 4586.751990020275,
            "dma_us": 1862.367995083332,
            "stall_us": 0.0,
            "dma_bytes": 129044480,
            "hits": 12288,
            "misses": 31505
        },
        {
            "token": 10,
            "compute_us": 4589.31203186512,
            "dma_us": 1868.6079867184162,
            "stall_us": 0.0,
            "dma_bytes": 131227648,
            "hits": 12259,
            "misses": 32038
        }
    ]
}