{
    "reactive": {
        "4": {
            "network_gb": 10.863845376,
            "avg_stall_ms": 1.0418359208191224,
            "throughput": 33.75006807907047,
            "prefetch_hit_rate": 10.897176603834641
        },
        "8": {
            "network_gb": 11.20813056,
            "avg_stall_ms": 1.0781130675768016,
            "throughput": 32.670073318870465,
            "prefetch_hit_rate": 10.897176603834641
        },
        "16": {
            "network_gb": 11.355721728,
            "avg_stall_ms": 1.093520404095572,
            "throughput": 32.23201801931519,
            "prefetch_hit_rate": 10.897176603834641
        }
    },
    "predictive": {
        "4": {
            "network_gb": 14.77515264,
            "avg_stall_ms": 0.9463149843003426,
            "throughput": 36.96788713077059,
            "prefetch_hit_rate": 10.897176603834641
        },
        "8": {
            "network_gb": 15.3105408,
            "avg_stall_ms": 0.9818376709897654,
            "throughput": 35.70202319555919,
            "prefetch_hit_rate": 10.897176603834641
        },
        "16": {
            "network_gb": 15.505711104,
            "avg_stall_ms": 0.9971629406143386,
            "throughput": 35.182280136417184,
            "prefetch_hit_rate": 10.897176603834641
        }
    }
}