{
    "8": [
        [
            1,
            3.86976240111336,
            4.704957091340062,
            1.2158258320940867
        ],
        [
            2,
            6.860094798334358,
            8.349023002380621,
            1.2170419284013068
        ],
        [
            4,
            12.114070990305875,
            14.756563202007836,
            1.2181341197204953
        ],
        [
            8,
            21.117667004586657,
            25.736631235413416,
            1.2187251191063644
        ],
        [
            12,
            33.731169196043,
            41.1076668297634,
            1.218684908040061
        ],
        [
            25,
            55.23300848246161,
            67.34015225435871,
            1.2192012368064569
        ]
    ],
    "16": [
        [
            1,
            2.8732121680448697,
            3.5077758783209934,
            1.2208551520606723
        ],
        [
            2,
            5.092119407175592,
            6.232566603642504,
            1.2239631684323513
        ],
        [
            4,
            9.481595387482358,
            11.586698480439154,
            1.222019924593699
        ],
        [
            8,
            16.66139125333337,
            20.367133656746677,
            1.2224149440504806
        ],
        [
            12,
            26.095006525935492,
            31.919166700731132,
            1.2231906004318138
        ],
        [
            25,
            43.68264454564111,
            53.4200156116238,
            1.2229116658861796
        ]
    ],
    "32": [
        [
            1,
            2.041713055892249,
            2.492852249140292,
            1.2209611149549566
        ],
        [
            2,
            3.637359513976872,
            4.452754875356465,
            1.2241723311227182
        ],
        [
            4,
            6.802949958274537,
            8.341435245929425,
            1.2261497287340184
        ],
        [
            8,
            11.725567964159996,
            14.408759214079963,
            1.2288325186567786
        ],
        [
            12,
            18.594880949677457,
            22.831810967397857,
            1.2278546460817161
        ],
        [
            25,
            30.250639994529884,
            37.17813340991452,
            1.2290032018045671
        ]
    ],
    "64": [
        [
            1,
            1.5551746845880918,
            1.8847883784331934,
            1.211946411622823
        ],
        [
            2,
            2.7939842360799116,
            3.398759690498398,
            1.2164562872648896
        ],
        [
            4,
            5.168019807372531,
            6.302544880439215,
            1.219528004023554
        ],
        [
            8,
            8.714393937919986,
            10.643074840746667,
            1.2213212894168326
        ],
        [
            12,
            13.970669441376335,
            17.070894872774197,
            1.221909583102443
        ],
        [
            25,
            22.59219199999993,
            27.598714168888936,
            1.2216040908686072
        ]
    ]
}